Date,Query,postdate,Content,Estimated Retweets in MI,Source
2018-06-06,"(""democrats"" OR ""democrat"")",2018-06-06T00:02:00-04:00,"Mitch McConnell announced he will cancel the Senate‚Äôs August Recess. Great, maybe the Democrats will finally get so‚Ä¶ https://t.co/KYTueRpKHp",82,http://twitter.com/realDonaldTrump/statuses/1004211778837012481
2018-06-06,"((""flint"" AND ""water"") OR (""lead"" AND (""pipes"" OR ""poisoning"")))",2018-06-06T00:24:41-04:00,ATTENTION!! ROCK THE UHAUL! Turn Up for a Good cause. We are looking for performers to participate! We are trying t‚Ä¶ https://t.co/PPDF8ZvVIA,15,http://twitter.com/TheNationEMU/statuses/1004217486940786688
2018-06-06,"((""clean"" AND ""water"") OR ((""enbridge"" OR (""line"" AND ""5"") OR ""mackinac"" OR ""oil"" OR ""leak"" OR ""leaks"") AND (""pipeline"" OR ""tunnel"")) OR (""oil"" AND (""spills"" OR ""spill"" OR ""slick"")) OR (""water"" AND ""pollution"") OR ""mercury"" OR ""arsenic"")",2018-06-06T00:24:41-04:00,ATTENTION!! ROCK THE UHAUL! Turn Up for a Good cause. We are looking for performers to participate! We are trying t‚Ä¶ https://t.co/PPDF8ZvVIA,15,http://twitter.com/TheNationEMU/statuses/1004217486940786688
2018-06-06,"((""flint"" AND ""water"") OR (""lead"" AND (""pipes"" OR ""poisoning"")))",2018-06-06T00:24:41-04:00,ATTENTION!! ROCK THE UHAUL! Turn Up for a Good cause. We are looking for performers to participate! We are trying t‚Ä¶ https://t.co/PPDF8ZvVIA,15,http://twitter.com/TheNationEMU/statuses/1004217486940786688
2018-06-06,"((""clean"" AND ""water"") OR ((""enbridge"" OR (""line"" AND ""5"") OR ""mackinac"" OR ""oil"" OR ""leak"" OR ""leaks"") AND (""pipeline"" OR ""tunnel"")) OR (""oil"" AND (""spills"" OR ""spill"" OR ""slick"")) OR (""water"" AND ""pollution"") OR ""mercury"" OR ""arsenic"")",2018-06-06T00:24:41-04:00,ATTENTION!! ROCK THE UHAUL! Turn Up for a Good cause. We are looking for performers to participate! We are trying t‚Ä¶ https://t.co/PPDF8ZvVIA,15,http://twitter.com/TheNationEMU/statuses/1004217486940786688
2018-06-06,"(""republicans"" OR ""republican"")",2018-06-06T00:29:21-04:00,Over 62% of the votes cast so far for Governor in California are for Democrats. All Republicans can do now is try a‚Ä¶ https://t.co/mDnP167cKe,23,http://twitter.com/funder/statuses/1004218665523449861
2018-06-06,"(""birth control"" OR ((""women"" OR ""womens"" OR ""women%27s"" OR ""female"") AND ""health"") OR (""contraception"" AND (""cost"" OR ""coverage"" OR ""insurance"")))",2018-06-06T00:46:02-04:00,"Only 1 party is running on civil rights, voting rights, equal rights, women's reproductive rights, LGBT rights, gun‚Ä¶ https://t.co/HLwRpCOkHM",4,http://twitter.com/MattMurph24/statuses/1004222860838268929
2018-06-06,"(""birth control"" OR ((""women"" OR ""womens"" OR ""women%27s"" OR ""female"") AND ""health"") OR (""contraception"" AND (""cost"" OR ""coverage"" OR ""insurance"")))",2018-06-06T00:46:02-04:00,"Only 1 party is running on civil rights, voting rights, equal rights, women's reproductive rights, LGBT rights, gun‚Ä¶ https://t.co/HLwRpCOkHM",4,http://twitter.com/MattMurph24/statuses/1004222860838268929
2018-06-06,"((""abortion"" AND ""rights"") OR ""pro-choice"" OR ""pro choice"" OR ""abortion debate"" OR ""title X"" OR ""title-X"")",2018-06-06T01:14:19-04:00,"Wow, let‚Äôs change that come November with a pro-choice woman, shall we? https://t.co/gZ7ot2NG3T",3,http://twitter.com/SarahLerner/statuses/1004229977930256384
2018-06-06,"((""abortion"" AND ""rights"") OR ""pro-choice"" OR ""pro choice"" OR ""abortion debate"" OR ""title X"" OR ""title-X"")",2018-06-06T01:14:19-04:00,"Wow, let‚Äôs change that come November with a pro-choice woman, shall we? https://t.co/gZ7ot2NG3T",3,http://twitter.com/SarahLerner/statuses/1004229977930256384
2018-06-06,"(""republicans"" OR ""republican"")",2018-06-06T01:26:22-04:00,"ALABAMA RESULTS: With 99% reporting, 

Democrats: 283,105
Republicans: 579,579

Alabama is staying red &amp; we're taki‚Ä¶ https://t.co/DoM1OLZ2O3",47,http://twitter.com/ScottPresler/statuses/1004233013113376768
2018-06-06,"(""democrats"" OR ""democrat"")",2018-06-06T01:26:22-04:00,"ALABAMA RESULTS: With 99% reporting, 

Democrats: 283,105
Republicans: 579,579

Alabama is staying red &amp; we're taki‚Ä¶ https://t.co/DoM1OLZ2O3",46,http://twitter.com/ScottPresler/statuses/1004233013113376768
2018-06-06,"(""republicans"" OR ""republican"")",2018-06-06T02:07:41-04:00,"BREAKING: Democrats lose supermajority in California senate, as Republicans flip seat in blue district",26,http://twitter.com/WiredSources/statuses/1004243409689890822
2018-06-06,"((""air"" AND (""clean"" OR ""quality"" OR ""pollution"" OR ""smoke"" OR ""smog"")) OR ""asthma"" OR ""incinerator"" OR ""emissions"" OR ""greenhouse emissions"" OR (""detroit"" AND ""incinerator""))",2018-06-06T04:45:04-04:00,"LESS MEAT in our diet means more clean air to breathe, more clean water to drink, and MORE FUN for everyone! Ì†ºÌæâTake‚Ä¶ https://t.co/NlXyvjMxad",2,http://twitter.com/Greenpeace/statuses/1004283018624864256
2018-06-06,"((""air"" AND (""clean"" OR ""quality"" OR ""pollution"" OR ""smoke"" OR ""smog"")) OR ""asthma"" OR ""incinerator"" OR ""emissions"" OR ""greenhouse emissions"" OR (""detroit"" AND ""incinerator""))",2018-06-06T04:45:04-04:00,"LESS MEAT in our diet means more clean air to breathe, more clean water to drink, and MORE FUN for everyone! Ì†ºÌæâTake‚Ä¶ https://t.co/NlXyvjMxad",2,http://twitter.com/Greenpeace/statuses/1004283018624864256
2018-06-06,"((""air"" AND (""clean"" OR ""quality"" OR ""pollution"" OR ""smoke"" OR ""smog"")) OR ""asthma"" OR ""incinerator"" OR ""emissions"" OR ""greenhouse emissions"" OR (""detroit"" AND ""incinerator""))",2018-06-06T05:24:05-04:00,The world‚Äôs largest chocolate maker @MarsGlobal has responded to the #ParisAgreement by spending $1 billion USD to‚Ä¶ https://t.co/kmYxhZBxGP,3,http://twitter.com/UNFCCC/statuses/1004292836831920128
2018-06-06,"((""air"" AND (""clean"" OR ""quality"" OR ""pollution"" OR ""smoke"" OR ""smog"")) OR ""asthma"" OR ""incinerator"" OR ""emissions"" OR ""greenhouse emissions"" OR (""detroit"" AND ""incinerator""))",2018-06-06T05:24:05-04:00,The world‚Äôs largest chocolate maker @MarsGlobal has responded to the #ParisAgreement by spending $1 billion USD to‚Ä¶ https://t.co/kmYxhZBxGP,3,http://twitter.com/UNFCCC/statuses/1004292836831920128
2018-06-06,"((""road"" OR ""roads"" OR ""highway"" OR ""highways"" OR ""bridge"" OR ""bridges"" OR ""hydro"" OR ""pipeline"") AND (""safety"" OR ""infrastructure"" OR ""crumbling"" OR ""disrepair"" OR ""construction""))",2018-06-06T05:42:33-04:00,MUST WATCH: How the three Forth Bridges represent three centuries of #engineering innovation - FULL VIDEO:‚Ä¶ https://t.co/tOAHdfX0JW,2,http://twitter.com/TheB1M/statuses/1004297484091478016
2018-06-06,"((""road"" OR ""roads"" OR ""highway"" OR ""highways"" OR ""bridge"" OR ""bridges"" OR ""hydro"" OR ""pipeline"") AND (""safety"" OR ""infrastructure"" OR ""crumbling"" OR ""disrepair"" OR ""construction""))",2018-06-06T05:42:33-04:00,MUST WATCH: How the three Forth Bridges represent three centuries of #engineering innovation - FULL VIDEO:‚Ä¶ https://t.co/tOAHdfX0JW,2,http://twitter.com/TheB1M/statuses/1004297484091478016
2018-06-06,"((""marijuana"" OR ""weed"") AND (""legal"" OR ""legalize"" OR ""legalization""))",2018-06-06T06:25:00-04:00,Michigan voters will decide whether to legalize the recreational use of marijuana https://t.co/ChkADR2hAa,4,http://twitter.com/crainsdetroit/statuses/1004308165821976577
2018-06-06,"((""marijuana"" OR ""weed"") AND (""legal"" OR ""legalize"" OR ""legalization""))",2018-06-06T06:25:00-04:00,Michigan voters will decide whether to legalize the recreational use of marijuana https://t.co/ChkADR2hAa,4,http://twitter.com/crainsdetroit/statuses/1004308165821976577
2018-06-06,"((""road"" OR ""roads"" OR ""highway"" OR ""highways"" OR ""bridge"" OR ""bridges"" OR ""hydro"" OR ""pipeline"") AND (""safety"" OR ""infrastructure"" OR ""crumbling"" OR ""disrepair"" OR ""construction""))",2018-06-06T06:53:22-04:00,C.A. Hull‚Äôs Mike Moss saves dog on bridge @75RougeRiver https://t.co/ioN7w3nEul,3,http://twitter.com/MDOT_MetroDet/statuses/1004315305458458624
2018-06-06,"((""road"" OR ""roads"" OR ""highway"" OR ""highways"" OR ""bridge"" OR ""bridges"" OR ""hydro"" OR ""pipeline"") AND (""safety"" OR ""infrastructure"" OR ""crumbling"" OR ""disrepair"" OR ""construction""))",2018-06-06T06:53:22-04:00,C.A. Hull‚Äôs Mike Moss saves dog on bridge @75RougeRiver https://t.co/ioN7w3nEul,3,http://twitter.com/MDOT_MetroDet/statuses/1004315305458458624
2018-06-06,"((""marijuana"" OR ""weed"") AND (""legal"" OR ""legalize"" OR ""legalization""))",2018-06-06T07:04:28-04:00,Voters will decide whether to legalize recreational marijuana in November after votes to adopt it fell short in the‚Ä¶ https://t.co/u3dHKBlY6B,3,http://twitter.com/LindsayVanHulle/statuses/1004318096822362112
2018-06-06,"((""marijuana"" OR ""weed"") AND (""legal"" OR ""legalize"" OR ""legalization""))",2018-06-06T07:04:28-04:00,Voters will decide whether to legalize recreational marijuana in November after votes to adopt it fell short in the‚Ä¶ https://t.co/u3dHKBlY6B,3,http://twitter.com/LindsayVanHulle/statuses/1004318096822362112
2018-06-06,"((""air"" AND (""clean"" OR ""quality"" OR ""pollution"" OR ""smoke"" OR ""smog"")) OR ""asthma"" OR ""incinerator"" OR ""emissions"" OR ""greenhouse emissions"" OR (""detroit"" AND ""incinerator""))",2018-06-06T07:11:32-04:00,"@_A__Dub On air, Hewitt:
1/ Praises Pruitt when son works at EPA.
2/ Praises Clean Water Act weakening when his oil‚Ä¶ https://t.co/gCGZdY6Pqb",2,http://twitter.com/peoplerawful/statuses/1004319876239056896
2018-06-06,"((""air"" AND (""clean"" OR ""quality"" OR ""pollution"" OR ""smoke"" OR ""smog"")) OR ""asthma"" OR ""incinerator"" OR ""emissions"" OR ""greenhouse emissions"" OR (""detroit"" AND ""incinerator""))",2018-06-06T07:11:32-04:00,"@_A__Dub On air, Hewitt:
1/ Praises Pruitt when son works at EPA.
2/ Praises Clean Water Act weakening when his oil‚Ä¶ https://t.co/gCGZdY6Pqb",2,http://twitter.com/peoplerawful/statuses/1004319876239056896
2018-06-06,"((""marijuana"" OR ""weed"") AND (""legal"" OR ""legalize"" OR ""legalization""))",2018-06-06T07:22:52-04:00,Michigan voters will decide whether to legalize  recreational use of marijuana. https://t.co/YbZyImPUYh,4,http://twitter.com/crainsdetroit/statuses/1004322728030203905
2018-06-06,"((""marijuana"" OR ""weed"") AND (""legal"" OR ""legalize"" OR ""legalization""))",2018-06-06T07:22:52-04:00,Michigan voters will decide whether to legalize  recreational use of marijuana. https://t.co/YbZyImPUYh,4,http://twitter.com/crainsdetroit/statuses/1004322728030203905
2018-06-06,"(""democrats"" OR ""democrat"")",2018-06-06T07:36:29-04:00,Kanye vocally supports Trump and then refuses to back down despite the Democrat mob threatening manufactured boycot‚Ä¶ https://t.co/wVrywWTdoH,38,http://twitter.com/charliekirk11/statuses/1004326153526509568
2018-06-06,"(""democrats"" OR ""democrat"")",2018-06-06T08:24:40-04:00,"As a Vice Chair of the @DCCC, I am ecstatic that California Democrats advanced a Dem in every single targeted Calif‚Ä¶ https://t.co/SN97VMot6s",34,http://twitter.com/tedlieu/statuses/1004338278831656960
2018-06-06,"(""equality"" OR ""racism"" OR ((""human"" OR ""civil"") AND ""rights"") OR ""islamophobia"" OR ""immigration"")",2018-06-06T08:39:21-04:00,A pizza guy made a delivery to a military base in Brooklyn. A military police officer at the base asked him for his‚Ä¶ https://t.co/GLJQUogWb6,83,http://twitter.com/joshnathankazis/statuses/1004341975200526337
2018-06-06,"(""equality"" OR ""racism"" OR ((""human"" OR ""civil"") AND ""rights"") OR ""islamophobia"" OR ""immigration"")",2018-06-06T08:39:21-04:00,A pizza guy made a delivery to a military base in Brooklyn. A military police officer at the base asked him for his‚Ä¶ https://t.co/GLJQUogWb6,83,http://twitter.com/joshnathankazis/statuses/1004341975200526337
2018-06-06,"((""air"" AND (""clean"" OR ""quality"" OR ""pollution"" OR ""smoke"" OR ""smog"")) OR ""asthma"" OR ""incinerator"" OR ""emissions"" OR ""greenhouse emissions"" OR (""detroit"" AND ""incinerator""))",2018-06-06T08:54:40-04:00,"Asthma is a common long-term disease in children, but adults have asthma, too. #kNOwAsthma https://t.co/NCaBJcdfo5 https://t.co/cjrbw5MOTq",3,http://twitter.com/CDCasthma/statuses/1004345831724650496
2018-06-06,"((""air"" AND (""clean"" OR ""quality"" OR ""pollution"" OR ""smoke"" OR ""smog"")) OR ""asthma"" OR ""incinerator"" OR ""emissions"" OR ""greenhouse emissions"" OR (""detroit"" AND ""incinerator""))",2018-06-06T08:54:40-04:00,"Asthma is a common long-term disease in children, but adults have asthma, too. #kNOwAsthma https://t.co/NCaBJcdfo5 https://t.co/cjrbw5MOTq",3,http://twitter.com/CDCasthma/statuses/1004345831724650496
2018-06-06,"(""republicans"" OR ""republican"")",2018-06-06T09:16:34-04:00,Great night for Republicans! Congratulations to John Cox on a really big number in California. He can win. Even Fak‚Ä¶ https://t.co/MDk7LJgCin,81,http://twitter.com/realDonaldTrump/statuses/1004351340041199616
2018-06-06,"""trump""",2018-06-06T09:16:34-04:00,Great night for Republicans! Congratulations to John Cox on a really big number in California. He can win. Even Fak‚Ä¶ https://t.co/MDk7LJgCin,21,http://twitter.com/realDonaldTrump/statuses/1004351340041199616
2018-06-06,"""trump""",2018-06-06T09:16:57-04:00,"Happy 2nd anniversary to this tweet. 

President Trump hasn‚Äôt held a full solo news conference in 16 months ‚Äî since‚Ä¶ https://t.co/spe2B9QM3N",32,http://twitter.com/jaketapper/statuses/1004351439517470722
2018-06-06,"(""environmental"" OR ""global warming"" OR ""pollution"" OR (""environmental"" AND (""laws"" OR ""regulations"" OR ""issues"")))",2018-06-06T09:22:01-04:00,"Greenpeace sends a ""used mattress"" to the EPA for Pruitt. At no charge. https://t.co/LxdSNRo2nD",6,http://twitter.com/EricLiptonNYT/statuses/1004352712765517825
2018-06-06,"(""environmental"" OR ""global warming"" OR ""pollution"" OR (""environmental"" AND (""laws"" OR ""regulations"" OR ""issues"")))",2018-06-06T09:22:01-04:00,"Greenpeace sends a ""used mattress"" to the EPA for Pruitt. At no charge. https://t.co/LxdSNRo2nD",6,http://twitter.com/EricLiptonNYT/statuses/1004352712765517825
2018-06-06,"((""marijuana"" OR ""weed"") AND (""legal"" OR ""legalize"" OR ""legalization""))",2018-06-06T09:22:47-04:00,"Should Recreational Marijuana Use Be Legal In Michigan?

@MrJustinBarclay is reading your comments on air.‚Ä¶ https://t.co/2k7UeP9IgK",4,http://twitter.com/WOODRADIO/statuses/1004352907511287809
2018-06-06,"((""marijuana"" OR ""weed"") AND (""legal"" OR ""legalize"" OR ""legalization""))",2018-06-06T09:22:47-04:00,"Should Recreational Marijuana Use Be Legal In Michigan?

@MrJustinBarclay is reading your comments on air.‚Ä¶ https://t.co/2k7UeP9IgK",4,http://twitter.com/WOODRADIO/statuses/1004352907511287809
2018-06-06,"((""road"" OR ""roads"" OR ""highway"" OR ""highways"" OR ""bridge"" OR ""bridges"" OR ""hydro"" OR ""pipeline"") AND (""safety"" OR ""infrastructure"" OR ""crumbling"" OR ""disrepair"" OR ""construction""))",2018-06-06T09:23:18-04:00,The Wilson Road construction uncovered some animal bone! It looks like it could be cow so far! #WeDigMSU‚Ä¶ https://t.co/CvBIWdlBmc,2,http://twitter.com/capmsu/statuses/1004353034531557376
2018-06-06,"((""road"" OR ""roads"" OR ""highway"" OR ""highways"" OR ""bridge"" OR ""bridges"" OR ""hydro"" OR ""pipeline"") AND (""safety"" OR ""infrastructure"" OR ""crumbling"" OR ""disrepair"" OR ""construction""))",2018-06-06T09:23:18-04:00,The Wilson Road construction uncovered some animal bone! It looks like it could be cow so far! #WeDigMSU‚Ä¶ https://t.co/CvBIWdlBmc,2,http://twitter.com/capmsu/statuses/1004353034531557376
2018-06-06,"""bill schuette""",2018-06-06T09:43:24-04:00,"""As is well-documented, Schuette and DeVos are far right wing, anti-immigrant, teacher union busting proponents of‚Ä¶ https://t.co/MR32C6Y6aI",8,http://twitter.com/JenGranholm/statuses/1004358095169097728
2018-06-06,"""planned parenthood""",2018-06-06T09:44:07-04:00,"How did this Ì†ΩÌ±á 85 year old manage to win again?Ì†ΩÌ∏û

This is an utter LIE.

Planned Parenthood does NOT provide basic‚Ä¶ https://t.co/luXV74jO2P",5,http://twitter.com/HLAurora63/statuses/1004358274639126529
2018-06-06,"((""abortion"" AND ""rights"") OR ""pro-choice"" OR ""pro choice"" OR ""abortion debate"" OR ""title X"" OR ""title-X"")",2018-06-06T09:44:07-04:00,"How did this Ì†ΩÌ±á 85 year old manage to win again?Ì†ΩÌ∏û

This is an utter LIE.

Planned Parenthood does NOT provide basic‚Ä¶ https://t.co/luXV74jO2P",5,http://twitter.com/HLAurora63/statuses/1004358274639126529
2018-06-06,"(""birth control"" OR ((""women"" OR ""womens"" OR ""women%27s"" OR ""female"") AND ""health"") OR (""contraception"" AND (""cost"" OR ""coverage"" OR ""insurance"")))",2018-06-06T09:44:07-04:00,"How did this Ì†ΩÌ±á 85 year old manage to win again?Ì†ΩÌ∏û

This is an utter LIE.

Planned Parenthood does NOT provide basic‚Ä¶ https://t.co/luXV74jO2P",5,http://twitter.com/HLAurora63/statuses/1004358274639126529
2018-06-06,"((""abortion"" AND ""rights"") OR ""pro-choice"" OR ""pro choice"" OR ""abortion debate"" OR ""title X"" OR ""title-X"")",2018-06-06T09:44:07-04:00,"How did this Ì†ΩÌ±á 85 year old manage to win again?Ì†ΩÌ∏û

This is an utter LIE.

Planned Parenthood does NOT provide basic‚Ä¶ https://t.co/luXV74jO2P",5,http://twitter.com/HLAurora63/statuses/1004358274639126529
2018-06-06,"(""birth control"" OR ((""women"" OR ""womens"" OR ""women%27s"" OR ""female"") AND ""health"") OR (""contraception"" AND (""cost"" OR ""coverage"" OR ""insurance"")))",2018-06-06T09:44:07-04:00,"How did this Ì†ΩÌ±á 85 year old manage to win again?Ì†ΩÌ∏û

This is an utter LIE.

Planned Parenthood does NOT provide basic‚Ä¶ https://t.co/luXV74jO2P",5,http://twitter.com/HLAurora63/statuses/1004358274639126529
2018-06-06,"((""marijuana"" OR ""weed"") AND (""legal"" OR ""legalize"" OR ""legalization""))",2018-06-06T09:58:42-04:00,Michigan Voters Will Vote on Marijuana Legalization in November. https://t.co/tBMdMsmsYs https://t.co/UY4wFLmZel,6,http://twitter.com/HIGH_TIMES_Mag/statuses/1004361943468204032
2018-06-06,"((""marijuana"" OR ""weed"") AND (""legal"" OR ""legalize"" OR ""legalization""))",2018-06-06T09:58:42-04:00,Michigan Voters Will Vote on Marijuana Legalization in November. https://t.co/tBMdMsmsYs https://t.co/UY4wFLmZel,6,http://twitter.com/HIGH_TIMES_Mag/statuses/1004361943468204032
2018-06-06,"(""right to life"" OR ""pro-life"" OR ""pro life"" OR (""aborton"" AND ""murder""))",2018-06-06T10:03:14-04:00,Reflections 14 years later on the passing of pro-life President Reagan   https://t.co/mihWPNTVTW #ProLifePresident‚Ä¶ https://t.co/cnOpUM6Vfq,2,http://twitter.com/nrlc/statuses/1004363084293660672
2018-06-06,"(""right to life"" OR ""pro-life"" OR ""pro life"" OR (""aborton"" AND ""murder""))",2018-06-06T10:03:14-04:00,Reflections 14 years later on the passing of pro-life President Reagan   https://t.co/mihWPNTVTW #ProLifePresident‚Ä¶ https://t.co/cnOpUM6Vfq,2,http://twitter.com/nrlc/statuses/1004363084293660672
2018-06-06,"(""republicans"" OR ""republican"")",2018-06-06T10:04:29-04:00,Many more Republican voters showed up yesterday than the Fake News thought possible. The political pundits just don‚Ä¶ https://t.co/MuYzDbTwbo,106,http://twitter.com/realDonaldTrump/statuses/1004363400674234368
2018-06-06,"((""abortion"" AND ""rights"") OR ""pro-choice"" OR ""pro choice"" OR ""abortion debate"" OR ""title X"" OR ""title-X"")",2018-06-06T10:14:15-04:00,.@HHSgov @SecAzar doesn‚Äôt like gag rules when it comes to drug pricing but wants to gag Title X ‚Äî the nation‚Äôs prog‚Ä¶ https://t.co/E8hnAShfTf,3,http://twitter.com/PPact/statuses/1004365860197281792
2018-06-06,"((""abortion"" AND ""rights"") OR ""pro-choice"" OR ""pro choice"" OR ""abortion debate"" OR ""title X"" OR ""title-X"")",2018-06-06T10:14:15-04:00,.@HHSgov @SecAzar doesn‚Äôt like gag rules when it comes to drug pricing but wants to gag Title X ‚Äî the nation‚Äôs prog‚Ä¶ https://t.co/E8hnAShfTf,3,http://twitter.com/PPact/statuses/1004365860197281792
2018-06-06,"((""republican"" AND ""view"" AND ""education"") OR (""demographic"" AND ""view"" AND ""education"") OR (""tuition"" AND ""fees"") OR ((""schools"" OR ""school"") AND (""choice"" OR ""charter"")) OR ""education system"" OR ""K-12"" OR ""K12"")",2018-06-06T10:40:26-04:00,Why are tuition fees so high? https://t.co/Zig0LGyji6,4,http://twitter.com/OrwellNGoode/statuses/1004372448454856704
2018-06-06,"((""republican"" AND ""view"" AND ""education"") OR (""demographic"" AND ""view"" AND ""education"") OR (""tuition"" AND ""fees"") OR ((""schools"" OR ""school"") AND (""choice"" OR ""charter"")) OR ""education system"" OR ""K-12"" OR ""K12"")",2018-06-06T10:40:26-04:00,Why are tuition fees so high? https://t.co/Zig0LGyji6,4,http://twitter.com/OrwellNGoode/statuses/1004372448454856704
2018-06-06,"((""republican"" AND ""view"" AND ""education"") OR (""demographic"" AND ""view"" AND ""education"") OR (""tuition"" AND ""fees"") OR ((""schools"" OR ""school"") AND (""choice"" OR ""charter"")) OR ""education system"" OR ""K-12"" OR ""K12"")",2018-06-06T11:00:06-04:00,Ted Director Roger Curtis (@mirogerc): House Appropriations Committee action puts state another step closer to clos‚Ä¶ https://t.co/BtrSH7P4Da,3,http://twitter.com/DanSOlsen/statuses/1004377395875467265
2018-06-06,"((""republican"" AND ""view"" AND ""education"") OR (""demographic"" AND ""view"" AND ""education"") OR (""tuition"" AND ""fees"") OR ((""schools"" OR ""school"") AND (""choice"" OR ""charter"")) OR ""education system"" OR ""K-12"" OR ""K12"")",2018-06-06T11:00:06-04:00,Ted Director Roger Curtis (@mirogerc): House Appropriations Committee action puts state another step closer to clos‚Ä¶ https://t.co/BtrSH7P4Da,3,http://twitter.com/DanSOlsen/statuses/1004377395875467265
2018-06-06,"((""air"" AND (""clean"" OR ""quality"" OR ""pollution"" OR ""smoke"" OR ""smog"")) OR ""asthma"" OR ""incinerator"" OR ""emissions"" OR ""greenhouse emissions"" OR (""detroit"" AND ""incinerator""))",2018-06-06T11:02:13-04:00,"some fast facts:
‚Ä¢ Animal ag accounts for more CO2 emissions than all transportation combined
‚Ä¢ 2016 was the warmes‚Ä¶ https://t.co/PmI0eYF9Ul",3,http://twitter.com/TyraTheTaurus/statuses/1004377929839570945
2018-06-06,"((""air"" AND (""clean"" OR ""quality"" OR ""pollution"" OR ""smoke"" OR ""smog"")) OR ""asthma"" OR ""incinerator"" OR ""emissions"" OR ""greenhouse emissions"" OR (""detroit"" AND ""incinerator""))",2018-06-06T11:02:13-04:00,"some fast facts:
‚Ä¢ Animal ag accounts for more CO2 emissions than all transportation combined
‚Ä¢ 2016 was the warmes‚Ä¶ https://t.co/PmI0eYF9Ul",3,http://twitter.com/TyraTheTaurus/statuses/1004377929839570945
2018-06-06,"(""equality"" OR ""racism"" OR ((""human"" OR ""civil"") AND ""rights"") OR ""islamophobia"" OR ""immigration"")",2018-06-06T11:08:57-04:00,"Women‚Äôs rights are human rights  
Women‚Äôs rights are human rights 
Women‚Äôs rights are human rights 
Women‚Äôs rights‚Ä¶ https://t.co/Ip7JFeiIO8",346,http://twitter.com/davidhogg111/statuses/1004379623877169152
2018-06-06,"(""equality"" OR ""racism"" OR ((""human"" OR ""civil"") AND ""rights"") OR ""islamophobia"" OR ""immigration"")",2018-06-06T11:08:57-04:00,"Women‚Äôs rights are human rights  
Women‚Äôs rights are human rights 
Women‚Äôs rights are human rights 
Women‚Äôs rights‚Ä¶ https://t.co/Ip7JFeiIO8",346,http://twitter.com/davidhogg111/statuses/1004379623877169152
2018-06-06,"""bill schuette""",2018-06-06T11:24:15-04:00,Bill Schuette has gotten attention from Republicans in DC for going along with Donald Trump and Mike Pence‚Äôs disast‚Ä¶ https://t.co/fNBKOmZ3lr,7,http://twitter.com/MichiganDems/statuses/1004383474948636679
2018-06-06,"""bill schuette""",2018-06-06T11:28:37-04:00,"Prevailing wage already a big campaign issue for Michigan carpenters union, which endorsed Snyder in 2010 but backi‚Ä¶ https://t.co/HZbuB2pvbx",5,http://twitter.com/jonathanoosting/statuses/1004384571578814464
2018-06-06,"((""flint"" AND ""water"") OR (""lead"" AND (""pipes"" OR ""poisoning"")))",2018-06-06T11:41:37-04:00,FLINT MICHIGAN HAS NOT HAD CLEAN WATER IN OVER 4 YEARS!! @LittleMissFlint is a 10year old GODDESS that is helping h‚Ä¶ https://t.co/eKVtJtAJLM,6,http://twitter.com/lexxiemorgen/statuses/1004387844318728193
2018-06-06,"((""flint"" AND ""water"") OR (""lead"" AND (""pipes"" OR ""poisoning"")))",2018-06-06T11:41:37-04:00,FLINT MICHIGAN HAS NOT HAD CLEAN WATER IN OVER 4 YEARS!! @LittleMissFlint is a 10year old GODDESS that is helping h‚Ä¶ https://t.co/eKVtJtAJLM,6,http://twitter.com/lexxiemorgen/statuses/1004387844318728193
2018-06-06,"(""environmental"" OR ""global warming"" OR ""pollution"" OR (""environmental"" AND (""laws"" OR ""regulations"" OR ""issues"")))",2018-06-06T12:00:11-04:00,The Government Accountability Office has agreed to Sen. Tom Udall‚Äôs request to examine the legality of this politic‚Ä¶ https://t.co/6HvgNRIeou,4,http://twitter.com/kylegriffin1/statuses/1004392518488862720
2018-06-06,"(""environmental"" OR ""global warming"" OR ""pollution"" OR (""environmental"" AND (""laws"" OR ""regulations"" OR ""issues"")))",2018-06-06T12:00:11-04:00,The Government Accountability Office has agreed to Sen. Tom Udall‚Äôs request to examine the legality of this politic‚Ä¶ https://t.co/6HvgNRIeou,4,http://twitter.com/kylegriffin1/statuses/1004392518488862720
2018-06-06,"((""clean"" AND ""water"") OR ((""enbridge"" OR (""line"" AND ""5"") OR ""mackinac"" OR ""oil"" OR ""leak"" OR ""leaks"") AND (""pipeline"" OR ""tunnel"")) OR (""oil"" AND (""spills"" OR ""spill"" OR ""slick"")) OR (""water"" AND ""pollution"") OR ""mercury"" OR ""arsenic"")",2018-06-06T12:04:03-04:00,Scott Pruitt Claims Misappropriated EPA Funds Would Have Only Been Wasted On Dumb Shit Like Clean Water‚Ä¶ https://t.co/PCON6vhOBO,13,http://twitter.com/TheOnion/statuses/1004393491827486720
2018-06-06,"((""clean"" AND ""water"") OR ((""enbridge"" OR (""line"" AND ""5"") OR ""mackinac"" OR ""oil"" OR ""leak"" OR ""leaks"") AND (""pipeline"" OR ""tunnel"")) OR (""oil"" AND (""spills"" OR ""spill"" OR ""slick"")) OR (""water"" AND ""pollution"") OR ""mercury"" OR ""arsenic"")",2018-06-06T12:04:03-04:00,Scott Pruitt Claims Misappropriated EPA Funds Would Have Only Been Wasted On Dumb Shit Like Clean Water‚Ä¶ https://t.co/PCON6vhOBO,13,http://twitter.com/TheOnion/statuses/1004393491827486720
2018-06-06,"(""unemployment"" OR ""poverty"")",2018-06-06T12:37:32-04:00,@CNN @POTUS Taxes have been cut. The economy is growing. Unemployment is down to 3.8%. Gorsuch is on #SCOTUS. ISIS‚Ä¶ https://t.co/3nnXeMqFk6,10,http://twitter.com/Jim_Jordan/statuses/1004401917349507073
2018-06-06,"(""unemployment"" OR ""poverty"")",2018-06-06T12:37:32-04:00,@CNN @POTUS Taxes have been cut. The economy is growing. Unemployment is down to 3.8%. Gorsuch is on #SCOTUS. ISIS‚Ä¶ https://t.co/3nnXeMqFk6,10,http://twitter.com/Jim_Jordan/statuses/1004401917349507073
2018-06-06,"((""republican"" AND ""view"" AND ""education"") OR (""demographic"" AND ""view"" AND ""education"") OR (""tuition"" AND ""fees"") OR ((""schools"" OR ""school"") AND (""choice"" OR ""charter"")) OR ""education system"" OR ""K-12"" OR ""K12"")",2018-06-06T12:44:12-04:00,Nick Castellanos wanted ‚Äúthree million bucks.‚Äù Michael Fulmer was still set on going to Arkansas with his high scho‚Ä¶ https://t.co/UewWn21Hoq,3,http://twitter.com/JordanHorrobin/statuses/1004403594018349058
2018-06-06,"((""republican"" AND ""view"" AND ""education"") OR (""demographic"" AND ""view"" AND ""education"") OR (""tuition"" AND ""fees"") OR ((""schools"" OR ""school"") AND (""choice"" OR ""charter"")) OR ""education system"" OR ""K-12"" OR ""K12"")",2018-06-06T12:44:12-04:00,Nick Castellanos wanted ‚Äúthree million bucks.‚Äù Michael Fulmer was still set on going to Arkansas with his high scho‚Ä¶ https://t.co/UewWn21Hoq,3,http://twitter.com/JordanHorrobin/statuses/1004403594018349058
2018-06-06,"(""republicans"" OR ""republican"")",2018-06-06T12:45:54-04:00,The only thing more disgraceful than Trump's disregard for the Constitution and the rule of law is Congressional Re‚Ä¶ https://t.co/AOYvMgUuUa,34,http://twitter.com/NathanLerner/statuses/1004404022613245952
2018-06-06,"((""flint"" AND ""water"") OR (""lead"" AND (""pipes"" OR ""poisoning"")))",2018-06-06T12:55:40-04:00,This is dope! @umichLSA @UMich who funding us to do one of these?! https://t.co/DGv5ykxPkU,7,http://twitter.com/ZayBoomin/statuses/1004406479850561536
2018-06-06,"((""clean"" AND ""water"") OR ((""enbridge"" OR (""line"" AND ""5"") OR ""mackinac"" OR ""oil"" OR ""leak"" OR ""leaks"") AND (""pipeline"" OR ""tunnel"")) OR (""oil"" AND (""spills"" OR ""spill"" OR ""slick"")) OR (""water"" AND ""pollution"") OR ""mercury"" OR ""arsenic"")",2018-06-06T12:55:40-04:00,This is dope! @umichLSA @UMich who funding us to do one of these?! https://t.co/DGv5ykxPkU,7,http://twitter.com/ZayBoomin/statuses/1004406479850561536
2018-06-06,"((""flint"" AND ""water"") OR (""lead"" AND (""pipes"" OR ""poisoning"")))",2018-06-06T12:55:40-04:00,This is dope! @umichLSA @UMich who funding us to do one of these?! https://t.co/DGv5ykxPkU,7,http://twitter.com/ZayBoomin/statuses/1004406479850561536
2018-06-06,"((""clean"" AND ""water"") OR ((""enbridge"" OR (""line"" AND ""5"") OR ""mackinac"" OR ""oil"" OR ""leak"" OR ""leaks"") AND (""pipeline"" OR ""tunnel"")) OR (""oil"" AND (""spills"" OR ""spill"" OR ""slick"")) OR (""water"" AND ""pollution"") OR ""mercury"" OR ""arsenic"")",2018-06-06T12:55:40-04:00,This is dope! @umichLSA @UMich who funding us to do one of these?! https://t.co/DGv5ykxPkU,7,http://twitter.com/ZayBoomin/statuses/1004406479850561536
2018-06-06,"(""unemployment"" OR ""poverty"")",2018-06-06T12:57:34-04:00,"I stand on a busy street corner with a sign almost every single day that says

""3.6 Million black kids in poverty.‚Ä¶ https://t.co/FIq3Qff8JD",11,http://twitter.com/ScottPresler/statuses/1004406960186413056
2018-06-06,"(""unemployment"" OR ""poverty"")",2018-06-06T12:57:34-04:00,"I stand on a busy street corner with a sign almost every single day that says

""3.6 Million black kids in poverty.‚Ä¶ https://t.co/FIq3Qff8JD",11,http://twitter.com/ScottPresler/statuses/1004406960186413056
2018-06-06,"((""air"" AND (""clean"" OR ""quality"" OR ""pollution"" OR ""smoke"" OR ""smog"")) OR ""asthma"" OR ""incinerator"" OR ""emissions"" OR ""greenhouse emissions"" OR (""detroit"" AND ""incinerator""))",2018-06-06T12:58:37-04:00,"Alex Thompson @REI ‚ÄúYou can‚Äôt love to paddle and not care about clean water, you can‚Äôt be a hiker and not care abou‚Ä¶ https://t.co/9whrIP04Vd",2,http://twitter.com/ericaoca/statuses/1004407222074466304
2018-06-06,"((""air"" AND (""clean"" OR ""quality"" OR ""pollution"" OR ""smoke"" OR ""smog"")) OR ""asthma"" OR ""incinerator"" OR ""emissions"" OR ""greenhouse emissions"" OR (""detroit"" AND ""incinerator""))",2018-06-06T12:58:37-04:00,"Alex Thompson @REI ‚ÄúYou can‚Äôt love to paddle and not care about clean water, you can‚Äôt be a hiker and not care abou‚Ä¶ https://t.co/9whrIP04Vd",2,http://twitter.com/ericaoca/statuses/1004407222074466304
2018-06-06,"""planned parenthood""",2018-06-06T13:01:57-04:00,"When I went undercover into Planned Parenthood posing as a 13-year-old with a ""boyfriend"" in his 20s or 30s, worker‚Ä¶ https://t.co/MhMmMeIJV4",8,http://twitter.com/LilaGraceRose/statuses/1004408062688538624
2018-06-06,"""trump""",2018-06-06T13:05:16-04:00,SCOOP: When Trudeau pressed Trump on national security justification for tariffs on Canada Trump responded: ‚Äúdidn‚Äôt‚Ä¶ https://t.co/Zza7RAwGG5,19,http://twitter.com/Acosta/statuses/1004408894301593600
2018-06-06,"((""road"" OR ""roads"" OR ""highway"" OR ""highways"" OR ""bridge"" OR ""bridges"" OR ""hydro"" OR ""pipeline"") AND (""safety"" OR ""infrastructure"" OR ""crumbling"" OR ""disrepair"" OR ""construction""))",2018-06-06T13:22:49-04:00,Results of repealing prevailing wage: lower wages for hardworking Michiganders &amp; low quality infrastructure at a ti‚Ä¶ https://t.co/YNiV4DTaRS,9,http://twitter.com/MIHouseDems/statuses/1004413310769475584
2018-06-06,"((""road"" OR ""roads"" OR ""highway"" OR ""highways"" OR ""bridge"" OR ""bridges"" OR ""hydro"" OR ""pipeline"") AND (""safety"" OR ""infrastructure"" OR ""crumbling"" OR ""disrepair"" OR ""construction""))",2018-06-06T13:22:49-04:00,Results of repealing prevailing wage: lower wages for hardworking Michiganders &amp; low quality infrastructure at a ti‚Ä¶ https://t.co/YNiV4DTaRS,9,http://twitter.com/MIHouseDems/statuses/1004413310769475584
2018-06-06,"(""birth control"" OR ((""women"" OR ""womens"" OR ""women%27s"" OR ""female"") AND ""health"") OR (""contraception"" AND (""cost"" OR ""coverage"" OR ""insurance"")))",2018-06-06T13:23:47-04:00,"In February 2018, Dianne Feinstein got on stage to announce her run to a room full of Bernie bigots.

And despite h‚Ä¶ https://t.co/Tln9a5urby",6,http://twitter.com/Selena_Adera/statuses/1004413556413083655
2018-06-06,"(""birth control"" OR ((""women"" OR ""womens"" OR ""women%27s"" OR ""female"") AND ""health"") OR (""contraception"" AND (""cost"" OR ""coverage"" OR ""insurance"")))",2018-06-06T13:23:47-04:00,"In February 2018, Dianne Feinstein got on stage to announce her run to a room full of Bernie bigots.

And despite h‚Ä¶ https://t.co/Tln9a5urby",6,http://twitter.com/Selena_Adera/statuses/1004413556413083655
2018-06-06,"(""environmental"" OR ""global warming"" OR ""pollution"" OR (""environmental"" AND (""laws"" OR ""regulations"" OR ""issues"")))",2018-06-06T13:24:06-04:00,1. So a pretty big deal study about changes to hurricanes under global warming -- changes that have apparently *alr‚Ä¶ https://t.co/3BkjvnbOQs,4,http://twitter.com/chriscmooney/statuses/1004413636444553220
2018-06-06,"(""environmental"" OR ""global warming"" OR ""pollution"" OR (""environmental"" AND (""laws"" OR ""regulations"" OR ""issues"")))",2018-06-06T13:24:06-04:00,1. So a pretty big deal study about changes to hurricanes under global warming -- changes that have apparently *alr‚Ä¶ https://t.co/3BkjvnbOQs,4,http://twitter.com/chriscmooney/statuses/1004413636444553220
2018-06-06,"((""road"" OR ""roads"" OR ""highway"" OR ""highways"" OR ""bridge"" OR ""bridges"" OR ""hydro"" OR ""pipeline"") AND (""safety"" OR ""infrastructure"" OR ""crumbling"" OR ""disrepair"" OR ""construction""))",2018-06-06T13:36:07-04:00,Who‚Äôs ever heard of road construction getting started late and finishing early? Ì†ΩÌ∫ßÌ†æÌ¥î I‚Äôm talking to TC residents and‚Ä¶ https://t.co/9zk8YHzck4,2,http://twitter.com/chloekipleTV910/statuses/1004416659489255425
2018-06-06,"((""road"" OR ""roads"" OR ""highway"" OR ""highways"" OR ""bridge"" OR ""bridges"" OR ""hydro"" OR ""pipeline"") AND (""safety"" OR ""infrastructure"" OR ""crumbling"" OR ""disrepair"" OR ""construction""))",2018-06-06T13:36:07-04:00,Who‚Äôs ever heard of road construction getting started late and finishing early? Ì†ΩÌ∫ßÌ†æÌ¥î I‚Äôm talking to TC residents and‚Ä¶ https://t.co/9zk8YHzck4,2,http://twitter.com/chloekipleTV910/statuses/1004416659489255425
2018-06-06,"(""right to life"" OR ""pro-life"" OR ""pro life"" OR (""aborton"" AND ""murder""))",2018-06-06T13:47:58-04:00,"Fr. Frank Pavone of Priests for Life said Biden &amp; Pelosi should certainly not receive Communion, either at the papa‚Ä¶ https://t.co/h8Zut8S1Su",3,http://twitter.com/Jaye_inUSA/statuses/1004419642432086016
2018-06-06,"(""right to life"" OR ""pro-life"" OR ""pro life"" OR (""aborton"" AND ""murder""))",2018-06-06T13:47:58-04:00,"Fr. Frank Pavone of Priests for Life said Biden &amp; Pelosi should certainly not receive Communion, either at the papa‚Ä¶ https://t.co/h8Zut8S1Su",3,http://twitter.com/Jaye_inUSA/statuses/1004419642432086016
2018-06-06,"(""birth control"" OR ((""women"" OR ""womens"" OR ""women%27s"" OR ""female"") AND ""health"") OR (""contraception"" AND (""cost"" OR ""coverage"" OR ""insurance"")))",2018-06-06T13:51:34-04:00,"Everyone read this beautiful story about women, abortion, families &amp; how New York State perpetuates inequality via‚Ä¶ https://t.co/0r4x9v6ugv",3,http://twitter.com/rtraister/statuses/1004420547843936257
2018-06-06,"(""birth control"" OR ((""women"" OR ""womens"" OR ""women%27s"" OR ""female"") AND ""health"") OR (""contraception"" AND (""cost"" OR ""coverage"" OR ""insurance"")))",2018-06-06T13:51:34-04:00,"Everyone read this beautiful story about women, abortion, families &amp; how New York State perpetuates inequality via‚Ä¶ https://t.co/0r4x9v6ugv",3,http://twitter.com/rtraister/statuses/1004420547843936257
2018-06-06,"(((""gun"" OR ""guns"" OR ""firearm"" OR ""weapon"" OR ""firearms"" OR ""weapons"") AND (""legislation"" OR ""safe"" OR ""law"" OR ""safety"" OR ""policy"" OR ""crime"" OR ""violence"" OR ""concealed"" OR ""permit"")) OR ((""mass"" OR ""school"") AND (""shooting"" OR ""shootings"" OR ""killing"" OR ""killings"")) OR ""second amendment"")",2018-06-06T13:57:25-04:00,".@BetsyDeVosED as you are secretary of education I respect your decision. However, as a citizen and survivor of a s‚Ä¶ https://t.co/UaH7ouoTmu",40,http://twitter.com/davidhogg111/statuses/1004422019658625024
2018-06-06,"(((""gun"" OR ""guns"" OR ""firearm"" OR ""weapon"" OR ""firearms"" OR ""weapons"") AND (""legislation"" OR ""safe"" OR ""law"" OR ""safety"" OR ""policy"" OR ""crime"" OR ""violence"" OR ""concealed"" OR ""permit"")) OR ((""mass"" OR ""school"") AND (""shooting"" OR ""shootings"" OR ""killing"" OR ""killings"")) OR ""second amendment"")",2018-06-06T13:57:25-04:00,".@BetsyDeVosED as you are secretary of education I respect your decision. However, as a citizen and survivor of a s‚Ä¶ https://t.co/UaH7ouoTmu",40,http://twitter.com/davidhogg111/statuses/1004422019658625024
2018-06-06,"(""republicans"" OR ""republican"")",2018-06-06T14:01:13-04:00,It‚Äôs good to know that both Paul Ryan and Trey Gowdy are endorsing the use of spies in opposition political campaig‚Ä¶ https://t.co/fGe0i4j1Eq,50,http://twitter.com/dbongino/statuses/1004422978078167040
2018-06-06,"((""flint"" AND ""water"") OR (""lead"" AND (""pipes"" OR ""poisoning"")))",2018-06-06T14:23:24-04:00,"If the winning bid goes over $1000 I will paint a personal portrait for the high bidder

RETWEET

Help‚Ä¶ https://t.co/2jDCyBO4ez",8,http://twitter.com/JonLionFineArt/statuses/1004428557328756736
2018-06-06,"((""clean"" AND ""water"") OR ((""enbridge"" OR (""line"" AND ""5"") OR ""mackinac"" OR ""oil"" OR ""leak"" OR ""leaks"") AND (""pipeline"" OR ""tunnel"")) OR (""oil"" AND (""spills"" OR ""spill"" OR ""slick"")) OR (""water"" AND ""pollution"") OR ""mercury"" OR ""arsenic"")",2018-06-06T14:23:24-04:00,"If the winning bid goes over $1000 I will paint a personal portrait for the high bidder

RETWEET

Help‚Ä¶ https://t.co/2jDCyBO4ez",8,http://twitter.com/JonLionFineArt/statuses/1004428557328756736
2018-06-06,"((""flint"" AND ""water"") OR (""lead"" AND (""pipes"" OR ""poisoning"")))",2018-06-06T14:23:24-04:00,"If the winning bid goes over $1000 I will paint a personal portrait for the high bidder

RETWEET

Help‚Ä¶ https://t.co/2jDCyBO4ez",8,http://twitter.com/JonLionFineArt/statuses/1004428557328756736
2018-06-06,"((""clean"" AND ""water"") OR ((""enbridge"" OR (""line"" AND ""5"") OR ""mackinac"" OR ""oil"" OR ""leak"" OR ""leaks"") AND (""pipeline"" OR ""tunnel"")) OR (""oil"" AND (""spills"" OR ""spill"" OR ""slick"")) OR (""water"" AND ""pollution"") OR ""mercury"" OR ""arsenic"")",2018-06-06T14:23:24-04:00,"If the winning bid goes over $1000 I will paint a personal portrait for the high bidder

RETWEET

Help‚Ä¶ https://t.co/2jDCyBO4ez",8,http://twitter.com/JonLionFineArt/statuses/1004428557328756736
2018-06-06,"(""equality"" OR ""racism"" OR ((""human"" OR ""civil"") AND ""rights"") OR ""islamophobia"" OR ""immigration"")",2018-06-06T14:54:48-04:00,I can be happy for Alice Johnson and still recognize that Trump is using her pardon as a political tool to shield a‚Ä¶ https://t.co/G6kAwVZxXp,44,http://twitter.com/raesanni/statuses/1004436460127191040
2018-06-06,"(""equality"" OR ""racism"" OR ((""human"" OR ""civil"") AND ""rights"") OR ""islamophobia"" OR ""immigration"")",2018-06-06T14:54:48-04:00,I can be happy for Alice Johnson and still recognize that Trump is using her pardon as a political tool to shield a‚Ä¶ https://t.co/G6kAwVZxXp,44,http://twitter.com/raesanni/statuses/1004436460127191040
2018-06-06,"(((""gun"" OR ""guns"" OR ""firearm"" OR ""weapon"" OR ""firearms"" OR ""weapons"") AND (""legislation"" OR ""safe"" OR ""law"" OR ""safety"" OR ""policy"" OR ""crime"" OR ""violence"" OR ""concealed"" OR ""permit"")) OR ((""mass"" OR ""school"") AND (""shooting"" OR ""shootings"" OR ""killing"" OR ""killings"")) OR ""second amendment"")",2018-06-06T15:16:41-04:00,You‚Äôre literally harassing a mass shooting victim. What the fuck is wrong with you Kaitlin? https://t.co/knWtwLIbnF,198,http://twitter.com/adryzzle/statuses/1004441966711537666
2018-06-06,"(((""gun"" OR ""guns"" OR ""firearm"" OR ""weapon"" OR ""firearms"" OR ""weapons"") AND (""legislation"" OR ""safe"" OR ""law"" OR ""safety"" OR ""policy"" OR ""crime"" OR ""violence"" OR ""concealed"" OR ""permit"")) OR ((""mass"" OR ""school"") AND (""shooting"" OR ""shootings"" OR ""killing"" OR ""killings"")) OR ""second amendment"")",2018-06-06T15:16:41-04:00,You‚Äôre literally harassing a mass shooting victim. What the fuck is wrong with you Kaitlin? https://t.co/knWtwLIbnF,198,http://twitter.com/adryzzle/statuses/1004441966711537666
2018-06-06,"(""unemployment"" OR ""poverty"")",2018-06-06T15:39:11-04:00,Why the fuck is Trump speaking about the economy at a FEMA briefing? PUERTO RICO DOESN'T CARE ABOUT YOUR UNEMPLOYMENT NUMBERS.,14,http://twitter.com/Alt_FedEmployee/statuses/1004447630854848513
2018-06-06,"(""unemployment"" OR ""poverty"")",2018-06-06T15:39:11-04:00,Why the fuck is Trump speaking about the economy at a FEMA briefing? PUERTO RICO DOESN'T CARE ABOUT YOUR UNEMPLOYMENT NUMBERS.,14,http://twitter.com/Alt_FedEmployee/statuses/1004447630854848513
2018-06-06,"(""equality"" OR ""racism"" OR ((""human"" OR ""civil"") AND ""rights"") OR ""islamophobia"" OR ""immigration"")",2018-06-06T15:59:06-04:00,BREAKING: Black people are allowed to be both rich and opposed to racism. https://t.co/qdbFj7zlRg,72,http://twitter.com/shannonrwatts/statuses/1004452641680838663
2018-06-06,"(""equality"" OR ""racism"" OR ((""human"" OR ""civil"") AND ""rights"") OR ""islamophobia"" OR ""immigration"")",2018-06-06T15:59:06-04:00,BREAKING: Black people are allowed to be both rich and opposed to racism. https://t.co/qdbFj7zlRg,72,http://twitter.com/shannonrwatts/statuses/1004452641680838663
2018-06-06,"(""equality"" OR ""racism"" OR ((""human"" OR ""civil"") AND ""rights"") OR ""islamophobia"" OR ""immigration"")",2018-06-06T16:05:56-04:00,"Slogans don't become more persuasive when you cut and paste them multiple times 
Slogans don't become more persuasi‚Ä¶ https://t.co/ks4WHHHIOv",30,http://twitter.com/benshapiro/statuses/1004454360737243136
2018-06-06,"(""equality"" OR ""racism"" OR ((""human"" OR ""civil"") AND ""rights"") OR ""islamophobia"" OR ""immigration"")",2018-06-06T16:05:56-04:00,"Slogans don't become more persuasive when you cut and paste them multiple times 
Slogans don't become more persuasi‚Ä¶ https://t.co/ks4WHHHIOv",30,http://twitter.com/benshapiro/statuses/1004454360737243136
2018-06-06,"(((""gun"" OR ""guns"" OR ""firearm"" OR ""weapon"" OR ""firearms"" OR ""weapons"") AND (""legislation"" OR ""safe"" OR ""law"" OR ""safety"" OR ""policy"" OR ""crime"" OR ""violence"" OR ""concealed"" OR ""permit"")) OR ((""mass"" OR ""school"") AND (""shooting"" OR ""shootings"" OR ""killing"" OR ""killings"")) OR ""second amendment"")",2018-06-06T16:14:48-04:00,The @NRA continuously pushes the idea that ‚Äúlaw-abiding citizens‚Äù should never have to endure any inconveniences wh‚Ä¶ https://t.co/x98dsT2oBL,23,http://twitter.com/JaclynCorin/statuses/1004456593910566912
2018-06-06,"(((""gun"" OR ""guns"" OR ""firearm"" OR ""weapon"" OR ""firearms"" OR ""weapons"") AND (""legislation"" OR ""safe"" OR ""law"" OR ""safety"" OR ""policy"" OR ""crime"" OR ""violence"" OR ""concealed"" OR ""permit"")) OR ((""mass"" OR ""school"") AND (""shooting"" OR ""shootings"" OR ""killing"" OR ""killings"")) OR ""second amendment"")",2018-06-06T16:14:48-04:00,The @NRA continuously pushes the idea that ‚Äúlaw-abiding citizens‚Äù should never have to endure any inconveniences wh‚Ä¶ https://t.co/x98dsT2oBL,23,http://twitter.com/JaclynCorin/statuses/1004456593910566912
2018-06-06,"((""marijuana"" OR ""weed"") AND (""legal"" OR ""legalize"" OR ""legalization""))",2018-06-06T16:17:32-04:00,Get out and vote!!! https://t.co/4HCljujSIh,4,http://twitter.com/kylekirkland_/statuses/1004457282502000640
2018-06-06,"((""marijuana"" OR ""weed"") AND (""legal"" OR ""legalize"" OR ""legalization""))",2018-06-06T16:17:32-04:00,Get out and vote!!! https://t.co/4HCljujSIh,4,http://twitter.com/kylekirkland_/statuses/1004457282502000640
2018-06-06,"(""democrats"" OR ""democrat"")",2018-06-06T17:01:53-04:00,"If you live your life as a criminal, you‚Äôre going to be under constant investigation and subject to continual lawsu‚Ä¶ https://t.co/7FhSB3h4yI",43,http://twitter.com/robreiner/statuses/1004468440982347776
2018-06-06,"(""republicans"" OR ""republican"")",2018-06-06T17:27:46-04:00,"As of today, 4 out of the 5 Republicans who've seen the classified intelligence re. the FBI's confidential informan‚Ä¶ https://t.co/q3d8RoVtVP",43,http://twitter.com/RVAwonk/statuses/1004474954627403776
2018-06-06,"""trump""",2018-06-06T17:29:56-04:00,"I am laughing so goddamn hard at this video of Trump inexplicably putting his water bottle on the floor, and Pence‚Ä¶ https://t.co/UAnmhwWGmT",27,http://twitter.com/jules_su/statuses/1004475500721401856
2018-06-06,"((""flint"" AND ""water"") OR (""lead"" AND (""pipes"" OR ""poisoning"")))",2018-06-06T17:42:21-04:00,"@realDonaldTrump @fema Donald Trump is trying to distract us from:

4,645 dead Americans in Puerto Rico.

1,500 mis‚Ä¶ https://t.co/rvHgVJCnMF",14,http://twitter.com/RVAStreetMedia/statuses/1004478625238876160
2018-06-06,"((""clean"" AND ""water"") OR ((""enbridge"" OR (""line"" AND ""5"") OR ""mackinac"" OR ""oil"" OR ""leak"" OR ""leaks"") AND (""pipeline"" OR ""tunnel"")) OR (""oil"" AND (""spills"" OR ""spill"" OR ""slick"")) OR (""water"" AND ""pollution"") OR ""mercury"" OR ""arsenic"")",2018-06-06T17:42:21-04:00,"@realDonaldTrump @fema Donald Trump is trying to distract us from:

4,645 dead Americans in Puerto Rico.

1,500 mis‚Ä¶ https://t.co/rvHgVJCnMF",14,http://twitter.com/RVAStreetMedia/statuses/1004478625238876160
2018-06-06,"((""flint"" AND ""water"") OR (""lead"" AND (""pipes"" OR ""poisoning"")))",2018-06-06T17:42:21-04:00,"@realDonaldTrump @fema Donald Trump is trying to distract us from:

4,645 dead Americans in Puerto Rico.

1,500 mis‚Ä¶ https://t.co/rvHgVJCnMF",14,http://twitter.com/RVAStreetMedia/statuses/1004478625238876160
2018-06-06,"((""clean"" AND ""water"") OR ((""enbridge"" OR (""line"" AND ""5"") OR ""mackinac"" OR ""oil"" OR ""leak"" OR ""leaks"") AND (""pipeline"" OR ""tunnel"")) OR (""oil"" AND (""spills"" OR ""spill"" OR ""slick"")) OR (""water"" AND ""pollution"") OR ""mercury"" OR ""arsenic"")",2018-06-06T17:42:21-04:00,"@realDonaldTrump @fema Donald Trump is trying to distract us from:

4,645 dead Americans in Puerto Rico.

1,500 mis‚Ä¶ https://t.co/rvHgVJCnMF",14,http://twitter.com/RVAStreetMedia/statuses/1004478625238876160
2018-06-06,"""bill schuette""",2018-06-06T17:54:43-04:00,"NEW: Senate, House GOP leaders ask Schuette for legal opinion on Civil Rights Commission decision expanding LGBT an‚Ä¶ https://t.co/tUSvUaBMeV",3,http://twitter.com/jonathanoosting/statuses/1004481738884644864
2018-06-06,"(""unemployment"" OR ""poverty"")",2018-06-06T17:58:18-04:00,'Racist' Donald Trump just set Alice Johnson free from prison.  Black unemployment is at an all time low.  He has g‚Ä¶ https://t.co/YiQWbR2Jdy,59,http://twitter.com/MarkDice/statuses/1004482640399831040
2018-06-06,"(""unemployment"" OR ""poverty"")",2018-06-06T17:58:18-04:00,'Racist' Donald Trump just set Alice Johnson free from prison.  Black unemployment is at an all time low.  He has g‚Ä¶ https://t.co/YiQWbR2Jdy,59,http://twitter.com/MarkDice/statuses/1004482640399831040
2018-06-06,"(""unemployment"" OR ""poverty"")",2018-06-06T18:04:35-04:00,"-Trump loves Kanye
-Trump pardoned Jack Johnson
-Trump pardoned Alice Johnson
-Trump lowered black unemployment rat‚Ä¶ https://t.co/9Gu52ZCgdU",12,http://twitter.com/CollinRugg/statuses/1004484220176162817
2018-06-06,"(""unemployment"" OR ""poverty"")",2018-06-06T18:04:35-04:00,"-Trump loves Kanye
-Trump pardoned Jack Johnson
-Trump pardoned Alice Johnson
-Trump lowered black unemployment rat‚Ä¶ https://t.co/9Gu52ZCgdU",12,http://twitter.com/CollinRugg/statuses/1004484220176162817
2018-06-06,"(""environmental"" OR ""global warming"" OR ""pollution"" OR (""environmental"" AND (""laws"" OR ""regulations"" OR ""issues"")))",2018-06-06T18:53:45-04:00,The Environmental Protection Agency is an agency that protects the environment. We live in the environment. If it‚Äôs‚Ä¶ https://t.co/mdPTuMdKKD,7,http://twitter.com/TitusNation/statuses/1004496593737867268
2018-06-06,"(""environmental"" OR ""global warming"" OR ""pollution"" OR (""environmental"" AND (""laws"" OR ""regulations"" OR ""issues"")))",2018-06-06T18:53:45-04:00,The Environmental Protection Agency is an agency that protects the environment. We live in the environment. If it‚Äôs‚Ä¶ https://t.co/mdPTuMdKKD,7,http://twitter.com/TitusNation/statuses/1004496593737867268
2018-06-06,"((""republican"" AND ""view"" AND ""education"") OR (""demographic"" AND ""view"" AND ""education"") OR (""tuition"" AND ""fees"") OR ((""schools"" OR ""school"") AND (""choice"" OR ""charter"")) OR ""education system"" OR ""K-12"" OR ""K12"")",2018-06-06T19:03:04-04:00,Use Screencast GIFs to demo steps for s's and t's https://t.co/j3GJTIgWbL #edtech #edchat #k12 #gttribe,3,http://twitter.com/ShakeUpLearning/statuses/1004498940581040130
2018-06-06,"((""republican"" AND ""view"" AND ""education"") OR (""demographic"" AND ""view"" AND ""education"") OR (""tuition"" AND ""fees"") OR ((""schools"" OR ""school"") AND (""choice"" OR ""charter"")) OR ""education system"" OR ""K-12"" OR ""K12"")",2018-06-06T19:03:04-04:00,Use Screencast GIFs to demo steps for s's and t's https://t.co/j3GJTIgWbL #edtech #edchat #k12 #gttribe,3,http://twitter.com/ShakeUpLearning/statuses/1004498940581040130
2018-06-06,"(""equality"" OR ""racism"" OR ((""human"" OR ""civil"") AND ""rights"") OR ""islamophobia"" OR ""immigration"")",2018-06-06T19:04:37-04:00,The fact that Senator Merkley was denied entry to a federal immigration facility while trying to check the welfare‚Ä¶ https://t.co/32tsCR9MSU,40,http://twitter.com/KamalaHarris/statuses/1004499328705036288
2018-06-06,"(""equality"" OR ""racism"" OR ((""human"" OR ""civil"") AND ""rights"") OR ""islamophobia"" OR ""immigration"")",2018-06-06T19:04:37-04:00,The fact that Senator Merkley was denied entry to a federal immigration facility while trying to check the welfare‚Ä¶ https://t.co/32tsCR9MSU,40,http://twitter.com/KamalaHarris/statuses/1004499328705036288
2018-06-06,"""bill schuette""",2018-06-06T19:11:18-04:00,GOP leaders want AG Bill Schuette to reverse LGBT protections ruling https://t.co/As48xrFnEF,3,http://twitter.com/freep/statuses/1004501012432936960
2018-06-06,"""bill schuette""",2018-06-06T19:14:55-04:00,"Happy Pride, Michigan! Ì†ºÌø≥Ô∏è‚ÄçÌ†ºÌºà
Oh btw your representatives have been emboldened to turn back the clock. Keep an eye on‚Ä¶ https://t.co/o18cYk4vA4",3,http://twitter.com/loudspike/statuses/1004501922957660161
2018-06-06,"(""equality"" OR ""racism"" OR ((""human"" OR ""civil"") AND ""rights"") OR ""islamophobia"" OR ""immigration"")",2018-06-06T19:25:05-04:00,"BREAKING: Federal judge allows @ACLU lawsuit challenging family separation at the border to move forward, says alle‚Ä¶ https://t.co/zhecFmMy7q",47,http://twitter.com/cristianafarias/statuses/1004504478194774016
2018-06-06,"(""equality"" OR ""racism"" OR ((""human"" OR ""civil"") AND ""rights"") OR ""islamophobia"" OR ""immigration"")",2018-06-06T19:25:05-04:00,"BREAKING: Federal judge allows @ACLU lawsuit challenging family separation at the border to move forward, says alle‚Ä¶ https://t.co/zhecFmMy7q",47,http://twitter.com/cristianafarias/statuses/1004504478194774016
2018-06-06,"(""environmental"" OR ""global warming"" OR ""pollution"" OR (""environmental"" AND (""laws"" OR ""regulations"" OR ""issues"")))",2018-06-06T19:44:35-04:00,Seems nice https://t.co/dgncnL6YXA,4,http://twitter.com/TheRickWilson/statuses/1004509386331615232
2018-06-06,"(""environmental"" OR ""global warming"" OR ""pollution"" OR (""environmental"" AND (""laws"" OR ""regulations"" OR ""issues"")))",2018-06-06T19:44:35-04:00,Seems nice https://t.co/dgncnL6YXA,4,http://twitter.com/TheRickWilson/statuses/1004509386331615232
2018-06-06,"(""republicans"" OR ""republican"")",2018-06-06T20:10:52-04:00,My sources have told Republican votes have been suppressed in this last election. My numbers should be much bigger‚Ä¶ https://t.co/ptWdrpQK7k,32,http://twitter.com/RealOmarNavarro/statuses/1004516003135385600
2018-06-06,"""trump""",2018-06-06T20:37:15-04:00,"On April 11, I called Trump‚Äôs favorite architect to ask about jobs he did in Eastern Europe that recently drew Muel‚Ä¶ https://t.co/eYQJkAvdja",19,http://twitter.com/christinawilkie/statuses/1004522640118304768
2018-06-06,"(""environmental"" OR ""global warming"" OR ""pollution"" OR (""environmental"" AND (""laws"" OR ""regulations"" OR ""issues"")))",2018-06-06T21:00:38-04:00,I didn't want to answer questions for an environmental club #WhyIRanAway,4,http://twitter.com/CoffeeMeows/statuses/1004528526790352896
2018-06-06,"(""environmental"" OR ""global warming"" OR ""pollution"" OR (""environmental"" AND (""laws"" OR ""regulations"" OR ""issues"")))",2018-06-06T21:00:38-04:00,I didn't want to answer questions for an environmental club #WhyIRanAway,4,http://twitter.com/CoffeeMeows/statuses/1004528526790352896
2018-06-06,"(""unemployment"" OR ""poverty"")",2018-06-06T21:10:08-04:00,"TRUMP's DOING RACISM WRONG

His economic policies:
Ì†ΩÌ±âBlack/Hispanic unemployment lowest in HISTORY

He negotiated th‚Ä¶ https://t.co/Vug0PsLPwl",9,http://twitter.com/bocavista2016/statuses/1004530914725163008
2018-06-06,"(""unemployment"" OR ""poverty"")",2018-06-06T21:10:08-04:00,"TRUMP's DOING RACISM WRONG

His economic policies:
Ì†ΩÌ±âBlack/Hispanic unemployment lowest in HISTORY

He negotiated th‚Ä¶ https://t.co/Vug0PsLPwl",9,http://twitter.com/bocavista2016/statuses/1004530914725163008
2018-06-06,"""planned parenthood""",2018-06-06T21:54:59-04:00,"Are you sure you want to talk about the morality of taking children away from their families, planned parenthood la‚Ä¶ https://t.co/AmEbd1J3NQ",4,http://twitter.com/CStamper_/statuses/1004542201735589888
2018-06-06,"(""birth control"" OR ((""women"" OR ""womens"" OR ""women%27s"" OR ""female"") AND ""health"") OR (""contraception"" AND (""cost"" OR ""coverage"" OR ""insurance"")))",2018-06-06T21:57:00-04:00,Lesbians. Using the right birth control. $350k to make sure lesbians are using the right birth control. Ì†ΩÌ∏ë https://t.co/3OhzeS803C,3,http://twitter.com/philthatremains/statuses/1004542709380599808
2018-06-06,"(""birth control"" OR ((""women"" OR ""womens"" OR ""women%27s"" OR ""female"") AND ""health"") OR (""contraception"" AND (""cost"" OR ""coverage"" OR ""insurance"")))",2018-06-06T21:57:00-04:00,Lesbians. Using the right birth control. $350k to make sure lesbians are using the right birth control. Ì†ΩÌ∏ë https://t.co/3OhzeS803C,3,http://twitter.com/philthatremains/statuses/1004542709380599808
2018-06-06,"((""abortion"" AND ""rights"") OR ""pro-choice"" OR ""pro choice"" OR ""abortion debate"" OR ""title X"" OR ""title-X"")",2018-06-06T22:07:35-04:00,We sit by as children r slaughtered in their mother's womb so their body parts can be monetized by‚Ä¶ https://t.co/e3kgr8IZyG,2,http://twitter.com/Maximus_4EVR/statuses/1004545376106344448
2018-06-06,"((""abortion"" AND ""rights"") OR ""pro-choice"" OR ""pro choice"" OR ""abortion debate"" OR ""title X"" OR ""title-X"")",2018-06-06T22:07:35-04:00,We sit by as children r slaughtered in their mother's womb so their body parts can be monetized by‚Ä¶ https://t.co/e3kgr8IZyG,2,http://twitter.com/Maximus_4EVR/statuses/1004545376106344448
2018-06-06,"((""marijuana"" OR ""weed"") AND (""legal"" OR ""legalize"" OR ""legalization""))",2018-06-06T22:15:02-04:00,Proponents relieved recreational marijuana legalization going to November ballot: https://t.co/CeGYRMVo0C,4,http://twitter.com/WOODTV/statuses/1004547247923703808
2018-06-06,"((""marijuana"" OR ""weed"") AND (""legal"" OR ""legalize"" OR ""legalization""))",2018-06-06T22:15:02-04:00,Proponents relieved recreational marijuana legalization going to November ballot: https://t.co/CeGYRMVo0C,4,http://twitter.com/WOODTV/statuses/1004547247923703808
2018-06-06,"(((""gun"" OR ""guns"" OR ""firearm"" OR ""weapon"" OR ""firearms"" OR ""weapons"") AND (""legislation"" OR ""safe"" OR ""law"" OR ""safety"" OR ""policy"" OR ""crime"" OR ""violence"" OR ""concealed"" OR ""permit"")) OR ((""mass"" OR ""school"") AND (""shooting"" OR ""shootings"" OR ""killing"" OR ""killings"")) OR ""second amendment"")",2018-06-06T22:17:56-04:00,The young people will win https://t.co/fhxTMbUmO5,37,http://twitter.com/davidhogg111/statuses/1004547978265284609
2018-06-06,"(((""gun"" OR ""guns"" OR ""firearm"" OR ""weapon"" OR ""firearms"" OR ""weapons"") AND (""legislation"" OR ""safe"" OR ""law"" OR ""safety"" OR ""policy"" OR ""crime"" OR ""violence"" OR ""concealed"" OR ""permit"")) OR ((""mass"" OR ""school"") AND (""shooting"" OR ""shootings"" OR ""killing"" OR ""killings"")) OR ""second amendment"")",2018-06-06T22:17:56-04:00,The young people will win https://t.co/fhxTMbUmO5,37,http://twitter.com/davidhogg111/statuses/1004547978265284609
2018-06-06,"((""republican"" AND ""view"" AND ""education"") OR (""demographic"" AND ""view"" AND ""education"") OR (""tuition"" AND ""fees"") OR ((""schools"" OR ""school"") AND (""choice"" OR ""charter"")) OR ""education system"" OR ""K-12"" OR ""K12"")",2018-06-06T22:28:06-04:00,"To the ""40,000 broke, poor, struggling Californians"" in the 43rd District who were STUPID enough to vote for a a wo‚Ä¶ https://t.co/1JDqwjnffh",18,http://twitter.com/IWillRedPillU/statuses/1004550538220982272
2018-06-06,"((""republican"" AND ""view"" AND ""education"") OR (""demographic"" AND ""view"" AND ""education"") OR (""tuition"" AND ""fees"") OR ((""schools"" OR ""school"") AND (""choice"" OR ""charter"")) OR ""education system"" OR ""K-12"" OR ""K12"")",2018-06-06T22:28:06-04:00,"To the ""40,000 broke, poor, struggling Californians"" in the 43rd District who were STUPID enough to vote for a a wo‚Ä¶ https://t.co/1JDqwjnffh",18,http://twitter.com/IWillRedPillU/statuses/1004550538220982272
2018-06-06,"(""right to life"" OR ""pro-life"" OR ""pro life"" OR (""aborton"" AND ""murder""))",2018-06-06T23:06:38-04:00,This is why I am Pro-Life! Beautiful moment caught between son and dad. ‚ù§Ô∏è #DefundPlannedParenthood #ChoseLife‚Ä¶ https://t.co/ip4MXqQRBZ,6,http://twitter.com/Jamierodr10/statuses/1004560235498033152
2018-06-06,"(""right to life"" OR ""pro-life"" OR ""pro life"" OR (""aborton"" AND ""murder""))",2018-06-06T23:06:38-04:00,This is why I am Pro-Life! Beautiful moment caught between son and dad. ‚ù§Ô∏è #DefundPlannedParenthood #ChoseLife‚Ä¶ https://t.co/ip4MXqQRBZ,6,http://twitter.com/Jamierodr10/statuses/1004560235498033152
2018-06-06,"((""flint"" AND ""water"") OR (""lead"" AND (""pipes"" OR ""poisoning"")))",2018-06-06T23:10:19-04:00,#PuertoRico still doesn‚Äôt have full power back. #Flint still doesn‚Äôt have clean water.,37,http://twitter.com/common/statuses/1004561160757112832
2018-06-06,"((""clean"" AND ""water"") OR ((""enbridge"" OR (""line"" AND ""5"") OR ""mackinac"" OR ""oil"" OR ""leak"" OR ""leaks"") AND (""pipeline"" OR ""tunnel"")) OR (""oil"" AND (""spills"" OR ""spill"" OR ""slick"")) OR (""water"" AND ""pollution"") OR ""mercury"" OR ""arsenic"")",2018-06-06T23:10:19-04:00,#PuertoRico still doesn‚Äôt have full power back. #Flint still doesn‚Äôt have clean water.,37,http://twitter.com/common/statuses/1004561160757112832
2018-06-06,"((""flint"" AND ""water"") OR (""lead"" AND (""pipes"" OR ""poisoning"")))",2018-06-06T23:10:19-04:00,#PuertoRico still doesn‚Äôt have full power back. #Flint still doesn‚Äôt have clean water.,37,http://twitter.com/common/statuses/1004561160757112832
2018-06-06,"((""clean"" AND ""water"") OR ((""enbridge"" OR (""line"" AND ""5"") OR ""mackinac"" OR ""oil"" OR ""leak"" OR ""leaks"") AND (""pipeline"" OR ""tunnel"")) OR (""oil"" AND (""spills"" OR ""spill"" OR ""slick"")) OR (""water"" AND ""pollution"") OR ""mercury"" OR ""arsenic"")",2018-06-06T23:10:19-04:00,#PuertoRico still doesn‚Äôt have full power back. #Flint still doesn‚Äôt have clean water.,37,http://twitter.com/common/statuses/1004561160757112832